"ID","CountryCode","Population"
1,AFG,1780000
2,AFG,237500
3,AFG,186800
4,AFG,127800
5,NLD,731200
6,NLD,593321
7,NLD,440900
8,NLD,234323
9,NLD,201843
10,NLD,193238
11,NLD,172701
12,NLD,160398
13,NLD,153491
14,NLD,152463
15,NLD,149544
16,NLD,148772
17,NLD,142465
18,NLD,138020
19,NLD,135621
20,NLD,129170
21,NLD,126270
22,NLD,122087
23,NLD,119811
24,NLD,117196
25,NLD,110722
26,NLD,110214
27,NLD,105853
28,NLD,105819
29,NLD,101574
30,NLD,95268
31,NLD,95052
32,NLD,92713
33,ANT,2345
34,ALB,270000
35,DZA,2168000
36,DZA,609823
37,DZA,443727
38,DZA,222518
39,DZA,183377
40,DZA,179055
41,DZA,153106
42,DZA,128747
43,DZA,128281
44,DZA,127284
45,DZA,117162
46,DZA,115212
47,DZA,112007
48,DZA,110242
49,DZA,107311
50,DZA,100118
51,DZA,96794
52,DZA,89415
53,ASM,5200
54,ASM,2323
55,AND,21189
56,AGO,2022000
57,AGO,163100
58,AGO,130000
59,AGO,128300
60,AGO,118200
61,AIA,961
62,AIA,595
63,ATG,24000
64,ARE,669181
65,ARE,398695
66,ARE,320095
67,ARE,225970
68,ARE,114395
69,ARG,2982146
70,ARG,1266461
71,ARG,1157507
72,ARG,907718
73,ARG,622013
74,ARG,559249
75,ARG,538918
76,ARG,521936
77,ARG,512880
78,ARG,470809
79,ARG,469735
80,ARG,463846
81,ARG,422542
82,ARG,367550
83,ARG,356993
84,ARG,353063
85,ARG,353046
86,ARG,352311
87,ARG,349246
88,ARG,315432
89,ARG,306341
90,ARG,296226
91,ARG,290335
92,ARG,288341
93,ARG,276916
94,ARG,258103
95,ARG,248700
96,ARG,239810
97,ARG,235760
98,ARG,229212
99,ARG,221754
100,ARG,207041
101,ARG,206998
102,ARG,201273
103,ARG,200595
104,ARG,189947
105,ARG,178748
106,ARG,170028
107,ARG,167296
108,ARG,158197
109,ARG,153036
110,ARG,147636
111,ARG,145823
112,ARG,138117
113,ARG,134935
114,ARG,134355
115,ARG,124104
116,ARG,123027
117,ARG,119302
118,ARG,119152
119,ARG,116675
120,ARG,116485
121,ARG,113428
122,ARG,110136
123,ARG,99578
124,ARG,94651
125,ARG,91101
126,ARM,1248700
127,ARM,211700
128,ARM,172700
129,ABW,29034
130,AUS,3276207
131,AUS,2865329
132,AUS,1291117
133,AUS,1096829
134,AUS,978100
135,AUS,322723
136,AUS,311932
137,AUS,270324
138,AUS,227657
139,AUS,219761
140,AUS,126118
141,AUS,125382
142,AUS,109914
143,AUS,92273
144,AZE,1787800
145,AZE,299300
146,AZE,283000
147,AZE,93900
148,BHS,172000
149,BHR,148000
150,BGD,3612850
151,BGD,1392860
152,BGD,663340
153,BGD,294056
154,BGD,202134
155,BGD,191398
156,BGD,188713
157,BGD,170232
158,BGD,168702
159,BGD,139710
160,BGD,135313
161,BGD,130577
162,BGD,127815
163,BGD,120170
164,BGD,117396
165,BGD,109032
166,BGD,106004
167,BGD,103556
168,BGD,103277
169,BGD,101266
170,BGD,99669
171,BGD,98342
172,BGD,96777
173,BGD,96717
174,BRB,6070
175,BEL,446525
176,BEL,224180
177,BEL,200827
178,BEL,185639
179,BEL,133859
180,BEL,116246
181,BEL,105692
182,BEL,105419
183,BEL,90935
184,BLZ,55810
185,BLZ,7105
186,BEN,536827
187,BEN,194000
188,BEN,134099
189,BEN,103577
190,BMU,1800
191,BMU,1200
192,BTN,22000
193,BOL,935361
194,BOL,758141
195,BOL,534466
196,BOL,482800
197,BOL,223553
198,BOL,178426
199,BOL,140642
200,BOL,125255
201,BIH,360000
202,BIH,143079
203,BIH,96027
204,BWA,213017
205,BWA,101805
206,BRA,9968485
207,BRA,5598953
208,BRA,2302832
209,BRA,2139125
210,BRA,2097757
211,BRA,1969868
212,BRA,1584232
213,BRA,1378087
214,BRA,1314032
215,BRA,1255049
216,BRA,1186926
217,BRA,1095874
218,BRA,1056330
219,BRA,950043
220,BRA,869254
221,BRA,862225
222,BRA,837588
223,BRA,786288
224,BRA,746758
225,BRA,723132
226,BRA,691942
227,BRA,688955
228,BRA,659604
229,BRA,649593
230,BRA,630073
231,BRA,584029
232,BRA,558680
233,BRA,520801
234,BRA,515553
235,BRA,487222
236,BRA,479992
237,BRA,473276
238,BRA,466823
239,BRA,459884
240,BRA,453813
241,BRA,450288
242,BRA,445555
243,BRA,440052
244,BRA,432257
245,BRA,428011
246,BRA,425194
247,BRA,408748
248,BRA,400940
249,BRA,398418
250,BRA,375055
251,BRA,357552
252,BRA,354732
253,BRA,352497
254,BRA,351944
255,BRA,349581
256,BRA,339194
257,BRA,335078
258,BRA,324662
259,BRA,319104
260,BRA,319033
261,BRA,318758
262,BRA,315415
263,BRA,313670
264,BRA,309750
265,BRA,302666
266,BRA,302108
267,BRA,296127
268,BRA,294125
269,BRA,290139
270,BRA,286848
271,BRA,286461
272,BRA,286058
273,BRA,282197
274,BRA,281928
275,BRA,279183
276,BRA,270874
277,BRA,270626
278,BRA,268013
279,BRA,259537
280,BRA,259425
281,BRA,256033
282,BRA,254970
283,BRA,253587
284,BRA,249225
285,BRA,248473
286,BRA,245497
287,BRA,244379
288,BRA,244247
289,BRA,241771
290,BRA,240315
291,BRA,239940
292,BRA,238738
293,BRA,238473
294,BRA,237510
295,BRA,237206
296,BRA,232685
297,BRA,231724
298,BRA,229130
299,BRA,224564
300,BRA,223011
301,BRA,222223
302,BRA,214901
303,BRA,214435
304,BRA,210540
305,BRA,208426
306,BRA,207557
307,BRA,206338
308,BRA,201073
309,BRA,199636
310,BRA,197550
311,BRA,196884
312,BRA,196147
313,BRA,195434
314,BRA,189258
315,BRA,188691
316,BRA,187122
317,BRA,186205
318,BRA,185340
319,BRA,185047
320,BRA,182984
321,BRA,182222
322,BRA,182148
323,BRA,179128
324,BRA,178988
325,BRA,177764
326,BRA,177409
327,BRA,175574
328,BRA,174381
329,BRA,173977
330,BRA,171657
331,BRA,170697
332,BRA,170356
333,BRA,169303
334,BRA,168953
335,BRA,168434
336,BRA,167795
337,BRA,167661
338,BRA,167185
339,BRA,166343
340,BRA,164716
341,BRA,164704
342,BRA,163551
343,BRA,162022
344,BRA,160510
345,BRA,155115
346,BRA,155105
347,BRA,155024
348,BRA,153383
349,BRA,150664
350,BRA,149964
351,BRA,149146
352,BRA,146005
353,BRA,145197
354,BRA,144158
355,BRA,140042
356,BRA,139570
357,BRA,139283
358,BRA,135968
359,BRA,135755
360,BRA,133980
361,BRA,133321
362,BRA,132736
363,BRA,131351
364,BRA,129756
365,BRA,129683
366,BRA,128079
367,BRA,127801
368,BRA,127634
369,BRA,126820
370,BRA,126672
371,BRA,126305
372,BRA,126076
373,BRA,125982
374,BRA,125812
375,BRA,125597
376,BRA,125597
377,BRA,124489
378,BRA,123782
379,BRA,121919
380,BRA,121904
381,BRA,121197
382,BRA,120793
383,BRA,120217
384,BRA,119503
385,BRA,119391
386,BRA,119262
387,BRA,118968
388,BRA,116929
389,BRA,115020
390,BRA,114948
391,BRA,114603
392,BRA,113595
393,BRA,113135
394,BRA,113079
395,BRA,111258
396,BRA,109965
397,BRA,109236
398,BRA,108964
399,BRA,108441
400,BRA,108314
401,BRA,108121
402,BRA,107781
403,BRA,107761
404,BRA,107755
405,BRA,107663
406,BRA,107354
407,BRA,106734
408,BRA,106278
409,BRA,105114
410,BRA,104156
411,BRA,103433
412,BRA,103240
413,BRA,103153
414,BRA,102580
415,BRA,102372
416,BRA,102217
417,BRA,101320
418,BRA,101046
419,BRA,100627
420,BRA,100356
421,BRA,100028
422,BRA,99387
423,BRA,98965
424,BRA,98570
425,BRA,98399
426,BRA,98318
427,BRA,98198
428,BRA,98140
429,BRA,97507
430,BRA,97291
431,BRA,96864
432,BRA,96610
433,BRA,96348
434,BRA,96291
435,BRA,96210
436,BRA,96131
437,BRA,95933
438,BRA,94685
439,BRA,93897
440,BRA,93346
441,BRA,93121
442,BRA,92779
443,BRA,92224
444,BRA,91999
445,BRA,91779
446,BRA,91777
447,BRA,91203
448,BRA,90519
449,BRA,90507
450,BRA,90111
451,BRA,89465
452,BRA,89388
453,BRA,89254
454,BRA,89236
455,BRA,89200
456,GBR,7285000
457,GBR,1013000
458,GBR,619680
459,GBR,461000
460,GBR,450180
461,GBR,431607
462,GBR,430000
463,GBR,424194
464,GBR,402000
465,GBR,321000
466,GBR,304000
467,GBR,294000
468,GBR,289376
469,GBR,287500
470,GBR,287000
471,GBR,262000
472,GBR,253000
473,GBR,252000
474,GBR,242000
475,GBR,236000
476,GBR,230000
477,GBR,216000
478,GBR,213070
479,GBR,196000
480,GBR,192171
481,GBR,190000
482,GBR,189150
483,GBR,183310
484,GBR,183000
485,GBR,180000
486,GBR,176000
487,GBR,174739
488,GBR,162000
489,GBR,156000
490,GBR,156124
491,GBR,151000
492,GBR,146690
493,GBR,146386
494,GBR,148000
495,GBR,145542
496,GBR,145000
497,GBR,143726
498,GBR,144000
499,GBR,141000
500,GBR,139020
501,GBR,140000
502,GBR,139000
503,GBR,135000
504,GBR,132813
505,GBR,124000
506,GBR,121380
507,GBR,121000
508,GBR,113080
509,GBR,114000
510,GBR,112000
511,GBR,111000
512,GBR,106000
513,GBR,107000
514,GBR,106293
515,GBR,106001
516,GBR,104425
517,GBR,103931
518,GBR,100924
519,GBR,100000
520,GBR,97451
521,GBR,96063
522,GBR,97000
523,GBR,92000
524,GBR,94531
525,GBR,94313
526,GBR,93087
527,GBR,95000
528,GBR,92000
529,GBR,91069
530,GBR,92000
531,GBR,90959
532,GBR,90878
533,GBR,90000
534,GBR,89000
535,GBR,27523
536,GBR,23487
537,VGB,8000
538,BRN,21484
539,BGR,1122302
540,BGR,342584
541,BGR,299801
542,BGR,195255
543,BGR,166467
544,BGR,147939
545,BGR,121952
546,BGR,105530
547,BGR,100399
548,BGR,94686
549,BFA,824000
550,BFA,300000
551,BFA,105000
552,BDI,300000
553,CYM,19600
554,CHL,4703954
555,CHL,386236
556,CHL,312493
557,CHL,293800
558,CHL,277752
559,CHL,251429
560,CHL,241910
561,CHL,233041
562,CHL,217664
563,CHL,212977
564,CHL,189036
565,CHL,187557
566,CHL,178182
567,CHL,177892
568,CHL,158215
569,CHL,152194
570,CHL,143353
571,CHL,141468
572,CHL,137409
573,CHL,137265
574,CHL,133106
575,CHL,125631
576,CHL,120128
577,CHL,118857
578,CHL,115766
579,CHL,94854
580,CHL,93061
581,CHL,91684
582,CHL,91056
583,COK,11900
584,CRI,339131
585,DJI,383000
586,DMA,16243
587,DOM,1609966
588,DOM,365463
589,DOM,140204
590,DOM,124735
591,DOM,108485
592,DOM,89423
593,ECU,2070040
594,ECU,1573458
595,ECU,270353
596,ECU,210368
597,ECU,202111
598,ECU,176413
599,ECU,169612
600,ECU,164739
601,ECU,152514
602,ECU,130643
603,ECU,129631
604,ECU,124177
605,ECU,123875
606,ECU,123163
607,ECU,123045
608,EGY,6789479
609,EGY,3328196
610,EGY,2221868
611,EGY,870716
612,EGY,469533
613,EGY,417610
614,EGY,395402
615,EGY,371010
616,EGY,369621
617,EGY,360503
618,EGY,343498
619,EGY,275807
620,EGY,267351
621,EGY,260964
622,EGY,254477
623,EGY,231978
624,EGY,219017
625,EGY,212203
626,EGY,201360
627,EGY,172032
628,EGY,171275
629,EGY,170125
630,EGY,159909
631,EGY,148787
632,EGY,145792
633,EGY,127108
634,EGY,124819
635,EGY,119283
636,EGY,113608
637,EGY,101801
638,EGY,100447
639,EGY,97700
640,EGY,97200
641,EGY,95400
642,EGY,94200
643,EGY,91700
644,EGY,91300
645,SLV,415346
646,SLV,139389
647,SLV,138800
648,SLV,129800
649,SLV,127696
650,SLV,98400
651,SLV,88800
652,ERI,431000
653,ESP,2879052
654,ESP,1503451
655,ESP,739412
656,ESP,701927
657,ESP,603367
658,ESP,530553
659,ESP,357589
660,ESP,354757
661,ESP,353504
662,ESP,326993
663,ESP,319998
664,ESP,311708
665,ESP,283670
666,ESP,272432
667,ESP,267980
668,ESP,247986
669,ESP,244767
670,ESP,243402
671,ESP,217154
672,ESP,213050
673,ESP,209635
674,ESP,200453
675,ESP,195351
676,ESP,193174
677,ESP,184859
678,ESP,184165
679,ESP,182660
680,ESP,180483
681,ESP,179208
682,ESP,177709
683,ESP,173163
684,ESP,171173
685,ESP,169027
686,ESP,168695
687,ESP,164463
688,ESP,162802
689,ESP,158720
690,ESP,147527
691,ESP,145371
692,ESP,142449
693,ESP,142048
694,ESP,140583
695,ESP,139809
696,ESP,139712
697,ESP,136613
698,ESP,127945
699,ESP,127093
700,ESP,120802
701,ESP,113016
702,ESP,112207
703,ESP,109247
704,ESP,109120
705,ESP,104095
706,ESP,103106
707,ESP,101144
708,ESP,98212
709,ESP,94591
710,ESP,93745
711,ESP,92262
712,ZAF,2352121
713,ZAF,904165
714,ZAF,756653
715,ZAF,752319
716,ZAF,658630
717,ZAF,634065
718,ZAF,566120
719,ZAF,468931
720,ZAF,442633
721,ZAF,410102
722,ZAF,378810
723,ZAF,370190
724,ZAF,365467
725,ZAF,341288
726,ZAF,339233
727,ZAF,334341
728,ZAF,328535
729,ZAF,283289
730,ZAF,279340
731,ZAF,262648
732,ZAF,261911
733,ZAF,242727
734,ZAF,222993
735,ZAF,221047
736,ZAF,203296
737,ZAF,197254
738,ZAF,192120
739,ZAF,189885
740,ZAF,182639
741,ZAF,181503
742,ZAF,177971
743,ZAF,171363
744,ZAF,167183
745,ZAF,164367
746,ZAF,164252
747,ZAF,162072
748,ZAF,159632
749,ZAF,120838
750,ZAF,105768
751,ZAF,101817
752,ZAF,97008
753,ZAF,96734
754,ZAF,93818
755,ZAF,89292
756,ETH,2495000
757,ETH,164851
758,ETH,127842
759,ETH,112249
760,ETH,97314
761,ETH,96938
762,ETH,96140
763,FLK,1636
764,FJI,77366
765,PHL,2173831
766,PHL,1581082
767,PHL,1177604
768,PHL,1147116
769,PHL,718821
770,PHL,601794
771,PHL,505058
772,PHL,485433
773,PHL,472780
774,PHL,470866
775,PHL,467375
776,PHL,461877
777,PHL,449811
778,PHL,444867
779,PHL,429076
780,PHL,411822
781,PHL,391170
782,PHL,379520
783,PHL,379310
784,PHL,365820
785,PHL,354908
786,PHL,338855
787,PHL,315807
788,PHL,305699
789,PHL,285061
790,PHL,281146
791,PHL,278474
792,PHL,267279
793,PHL,263971
794,PHL,262481
795,PHL,259728
796,PHL,252386
797,PHL,247588
798,PHL,242511
799,PHL,231403
800,PHL,230403
801,PHL,222859
802,PHL,221857
803,PHL,218447
804,PHL,217019
805,PHL,207927
806,PHL,201186
807,PHL,198183
808,PHL,196075
809,PHL,195482
810,PHL,194260
811,PHL,187691
812,PHL,185633
813,PHL,179531
814,PHL,178639
815,PHL,175291
816,PHL,171045
817,PHL,163849
818,PHL,163037
819,PHL,161912
820,PHL,157010
821,PHL,156137
822,PHL,154297
823,PHL,154264
824,PHL,149769
825,PHL,148110
826,PHL,147924
827,PHL,147187
828,PHL,144282
829,PHL,142515
830,PHL,141954
831,PHL,141721
832,PHL,141174
833,PHL,137810
834,PHL,135603
835,PHL,133950
836,PHL,133786
837,PHL,131090
838,PHL,130328
839,PHL,129765
840,PHL,126352
841,PHL,125699
842,PHL,125171
843,PHL,123824
844,PHL,123672
845,PHL,120645
846,PHL,119990
847,PHL,119675
848,PHL,118534
849,PHL,118259
850,PHL,117680
851,PHL,117539
852,PHL,115171
853,PHL,115167
854,PHL,114568
855,PHL,113190
856,PHL,112446
857,PHL,111582
858,PHL,111425
859,PHL,111009
860,PHL,110709
861,PHL,110531
862,PHL,110517
863,PHL,110420
864,PHL,109481
865,PHL,108254
866,PHL,107722
867,PHL,107691
868,PHL,107166
869,PHL,106630
870,PHL,105910
871,PHL,105908
872,PHL,105760
873,PHL,103952
874,PHL,102379
875,PHL,102265
876,PHL,102082
877,PHL,101792
878,PHL,101391
879,PHL,101205
880,PHL,101031
881,PHL,101017
882,PHL,100000
883,PHL,99862
884,PHL,99367
885,PHL,98781
886,PHL,97860
887,PHL,97329
888,PHL,96858
889,PHL,96609
890,PHL,96113
891,PHL,95630
892,PHL,95219
893,PHL,94861
894,PHL,94466
895,PHL,93623
896,PHL,93232
897,PHL,92694
898,PHL,92512
899,PHL,92429
900,PHL,90603
901,FRO,14542
902,GAB,419000
903,GMB,102600
904,GMB,42326
905,GEO,1235200
906,GEO,240900
907,GEO,155400
908,GEO,137700
909,GEO,111700
910,GHA,1070000
911,GHA,385192
912,GHA,151069
913,GHA,109975
914,GHA,103653
915,GIB,27025
916,GRD,4621
917,GRL,13445
918,GLP,62947
919,GLP,12433
920,GUM,9500
921,GUM,1139
922,GTM,823301
923,GTM,209791
924,GTM,101295
925,GTM,90801
926,GIN,1090610
927,GNB,241000
928,GUY,254000
929,HTI,884472
930,HTI,290204
931,HTI,240429
932,HTI,102233
933,HND,813900
934,HND,383900
935,HND,89200
936,HKG,1987996
937,HKG,1312637
938,SJM,1438
939,IDN,9604900
940,IDN,2663820
941,IDN,2429000
942,IDN,1843919
943,IDN,1222764
944,IDN,1198300
945,IDN,1104405
946,IDN,1060257
947,IDN,716862
948,IDN,680332
949,IDN,644300
950,IDN,534474
951,IDN,518600
952,IDN,482931
953,IDN,438638
954,IDN,435000
955,IDN,418944
956,IDN,409632
957,IDN,399175
958,IDN,385201
959,IDN,365200
960,IDN,344600
961,IDN,338752
962,IDN,332288
963,IDN,306600
964,IDN,301504
965,IDN,289744
966,IDN,285114
967,IDN,270800
968,IDN,263200
969,IDN,254406
970,IDN,253760
971,IDN,249312
972,IDN,218500
973,IDN,206900
974,IDN,205100
975,IDN,203056
976,IDN,202500
977,IDN,187400
978,IDN,179800
979,IDN,171532
980,IDN,146439
981,IDN,145000
982,IDN,143409
983,IDN,142800
984,IDN,134019
985,IDN,129300
986,IDN,129300
987,IDN,129000
988,IDN,127222
989,IDN,125766
990,IDN,124300
991,IDN,124000
992,IDN,123800
993,IDN,122600
994,IDN,122400
995,IDN,120770
996,IDN,117000
997,IDN,114300
998,IDN,111500
999,IDN,109600
1000,IDN,107000
1001,IDN,106800
1002,IDN,105100
1003,IDN,103500
1004,IDN,103300
1005,IDN,103000
1006,IDN,101300
1007,IDN,99693
1008,IDN,96626
1009,IDN,95900
1010,IDN,95800
1011,IDN,95300
1012,IDN,94800
1013,IDN,94700
1014,IDN,94058
1015,IDN,93200
1016,IDN,92700
1017,IDN,92600
1018,IDN,92300
1019,IDN,91871
1020,IDN,91200
1021,IDN,91100
1022,IDN,89900
1023,IDN,89900
1024,IND,10500000
1025,IND,7206704
1026,IND,4399819
1027,IND,3841396
1028,IND,2964638
1029,IND,2876710
1030,IND,2660088
1031,IND,1874409
1032,IND,1624752
1033,IND,1619115
1034,IND,1566651
1035,IND,1498817
1036,IND,1458483
1037,IND,1091674
1038,IND,1062771
1039,IND,1042740
1040,IND,1031346
1041,IND,1014557
1042,IND,977856
1043,IND,950435
1044,IND,929270
1045,IND,917243
1046,IND,892506
1047,IND,891790
1048,IND,816321
1049,IND,803389
1050,IND,792858
1051,IND,753778
1052,IND,752037
1053,IND,741927
1054,IND,708835
1055,IND,703592
1056,IND,701827
1057,IND,690765
1058,IND,666279
1059,IND,656925
1060,IND,648298
1061,IND,604215
1062,IND,599306
1063,IND,587211
1064,IND,584342
1065,IND,573272
1066,IND,564589
1067,IND,559407
1068,IND,537371
1069,IND,524006
1070,IND,517083
1071,IND,509510
1072,IND,505566
1073,IND,504094
1074,IND,480692
1075,IND,480520
1076,IND,471051
1077,IND,460577
1078,IND,454156
1079,IND,447657
1080,IND,438639
1081,IND,429214
1082,IND,425836
1083,IND,421576
1084,IND,419831
1085,IND,416289
1086,IND,411542
1087,IND,406370
1088,IND,403418
1089,IND,402700
1090,IND,402338
1091,IND,387223
1092,IND,386159
1093,IND,379070
1094,IND,374945
1095,IND,369077
1096,IND,366712
1097,IND,362266
1098,IND,342595
1099,IND,341637
1100,IND,333683
1101,IND,328034
1102,IND,326399
1103,IND,324851
1104,IND,316606
1105,IND,308571
1106,IND,307297
1107,IND,304952
1108,IND,304099
1109,IND,301297
1110,IND,300850
1111,IND,291675
1112,IND,279980
1113,IND,278317
1114,IND,275990
1115,IND,275083
1116,IND,273304
1117,IND,270159
1118,IND,266889
1119,IND,266082
1120,IND,262188
1121,IND,253225
1122,IND,245391
1123,IND,245079
1124,IND,243742
1125,IND,242193
1126,IND,241107
1127,IND,241034
1128,IND,240609
1129,IND,238368
1130,IND,237713
1131,IND,236800
1132,IND,235661
1133,IND,233400
1134,IND,232811
1135,IND,226691
1136,IND,226105
1137,IND,224821
1138,IND,218391
1139,IND,216950
1140,IND,215489
1141,IND,215424
1142,IND,215218
1143,IND,215128
1144,IND,214950
1145,IND,214737
1146,IND,214384
1147,IND,212866
1148,IND,210418
1149,IND,205086
1150,IND,203065
1151,IND,202013
1152,IND,201323
1153,IND,199854
1154,IND,198535
1155,IND,197408
1156,IND,195346
1157,IND,194567
1158,IND,193197
1159,IND,190255
1160,IND,190084
1161,IND,186939
1162,IND,185378
1163,IND,184474
1164,IND,183965
1165,IND,183375
1166,IND,183215
1167,IND,182477
1168,IND,181339
1169,IND,179833
1170,IND,179258
1171,IND,177989
1172,IND,175372
1173,IND,175061
1174,IND,174985
1175,IND,174933
1176,IND,174924
1177,IND,174666
1178,IND,174369
1179,IND,173751
1180,IND,172710
1181,IND,172677
1182,IND,172562
1183,IND,169336
1184,IND,167461
1185,IND,167051
1186,IND,164364
1187,IND,163431
1188,IND,161482
1189,IND,160359
1190,IND,159232
1191,IND,159110
1192,IND,159042
1193,IND,157551
1194,IND,157358
1195,IND,157082
1196,IND,156630
1197,IND,155500
1198,IND,155240
1199,IND,155172
1200,IND,154367
1201,IND,153086
1202,IND,151806
1203,IND,151789
1204,IND,151045
1205,IND,150869
1206,IND,150645
1207,IND,150112
1208,IND,150100
1209,IND,149965
1210,IND,148583
1211,IND,148519
1212,IND,148272
1213,IND,147305
1214,IND,147217
1215,IND,147124
1216,IND,146514
1217,IND,146262
1218,IND,145143
1219,IND,145133
1220,IND,144346
1221,IND,143922
1222,IND,143726
1223,IND,140408
1224,IND,139852
1225,IND,139483
1226,IND,139204
1227,IND,138903
1228,IND,137061
1229,IND,137028
1230,IND,136877
1231,IND,136842
1232,IND,136697
1233,IND,136182
1234,IND,136062
1235,IND,135825
1236,IND,135400
1237,IND,134051
1238,IND,133914
1239,IND,133462
1240,IND,133265
1241,IND,133102
1242,IND,132701
1243,IND,131719
1244,IND,131138
1245,IND,130484
1246,IND,129904
1247,IND,128981
1248,IND,128608
1249,IND,127992
1250,IND,127201
1251,IND,126089
1252,IND,126066
1253,IND,125498
1254,IND,125407
1255,IND,125371
1256,IND,125244
1257,IND,125199
1258,IND,125037
1259,IND,125000
1260,IND,124501
1261,IND,124437
1262,IND,124072
1263,IND,123930
1264,IND,123359
1265,IND,123289
1266,IND,123000
1267,IND,122705
1268,IND,122596
1269,IND,121842
1270,IND,121629
1271,IND,121463
1272,IND,121314
1273,IND,121110
1274,IND,120378
1275,IND,120265
1276,IND,120127
1277,IND,119813
1278,IND,119796
1279,IND,118080
1280,IND,117675
1281,IND,116833
1282,IND,116695
1283,IND,116671
1284,IND,115483
1285,IND,115144
1286,IND,114912
1287,IND,114876
1288,IND,114202
1289,IND,114085
1290,IND,114028
1291,IND,113285
1292,IND,112434
1293,IND,111866
1294,IND,110266
1295,IND,110024
1296,IND,109956
1297,IND,109755
1298,IND,109470
1299,IND,109196
1300,IND,108578
1301,IND,108518
1302,IND,108304
1303,IND,108277
1304,IND,108016
1305,IND,107592
1306,IND,107425
1307,IND,107365
1308,IND,107187
1309,IND,107163
1310,IND,106605
1311,IND,106523
1312,IND,106078
1313,IND,105973
1314,IND,105380
1315,IND,105363
1316,IND,104651
1317,IND,104585
1318,IND,104195
1319,IND,103579
1320,IND,102985
1321,IND,102649
1322,IND,102176
1323,IND,101660
1324,IND,101656
1325,IND,101409
1326,IND,100867
1327,IND,100836
1328,IND,100513
1329,IND,100490
1330,IND,100347
1331,IND,100223
1332,IND,100194
1333,IND,100079
1334,IND,98818
1335,IND,98640
1336,IND,98619
1337,IND,98220
1338,IND,97712
1339,IND,97662
1340,IND,97227
1341,IND,96813
1342,IND,96322
1343,IND,96315
1344,IND,96216
1345,IND,96109
1346,IND,95758
1347,IND,95661
1348,IND,95133
1349,IND,94876
1350,IND,94526
1351,IND,94326
1352,IND,93731
1353,IND,93447
1354,IND,93350
1355,IND,93109
1356,IND,92917
1357,IND,92583
1358,IND,92574
1359,IND,90803
1360,IND,90712
1361,IND,90601
1362,IND,90357
1363,IND,89166
1364,IND,89053
1365,IRQ,4336000
1366,IRQ,879000
1367,IRQ,485968
1368,IRQ,418624
1369,IRQ,406296
1370,IRQ,364096
1371,IRQ,309010
1372,IRQ,296705
1373,IRQ,268834
1374,IRQ,265937
1375,IRQ,208797
1376,IRQ,196519
1377,IRQ,192556
1378,IRQ,183183
1379,IRQ,114516
1380,IRN,6758845
1381,IRN,1887405
1382,IRN,1266072
1383,IRN,1191043
1384,IRN,1053025
1385,IRN,940968
1386,IRN,804980
1387,IRN,777677
1388,IRN,692986
1389,IRN,435200
1390,IRN,419518
1391,IRN,417748
1392,IRN,401281
1393,IRN,384991
1394,IRN,380755
1395,IRN,340386
1396,IRN,326776
1397,IRN,291117
1398,IRN,286295
1399,IRN,277808
1400,IRN,273578
1401,IRN,272815
1402,IRN,265450
1403,IRN,217804
1404,IRN,206073
1405,IRN,202639
1406,IRN,201372
1407,IRN,195882
1408,IRN,188710
1409,IRN,178498
1410,IRN,170738
1411,IRN,165888
1412,IRN,159092
1413,IRN,158847
1414,IRN,158346
1415,IRN,148944
1416,IRN,144373
1417,IRN,143641
1418,IRN,143286
1419,IRN,142690
1420,IRN,138278
1421,IRN,135024
1422,IRN,134835
1423,IRN,132318
1424,IRN,127608
1425,IRN,126346
1426,IRN,120020
1427,IRN,116883
1428,IRN,115394
1429,IRN,111253
1430,IRN,111245
1431,IRN,107799
1432,IRN,107233
1433,IRN,106923
1434,IRN,105636
1435,IRN,104765
1436,IRN,103579
1437,IRN,100887
1438,IRN,100477
1439,IRN,98500
1440,IRN,98300
1441,IRN,96400
1442,IRN,94600
1443,IRN,94200
1444,IRN,91045
1445,IRN,90100
1446,IRN,89800
1447,IRL,481854
1448,IRL,127187
1449,ISL,109184
1450,ISR,633700
1451,ISR,348100
1452,ISR,265700
1453,ISR,188200
1454,ISR,163700
1455,ISR,163100
1456,ISR,159400
1457,ISR,155800
1458,ISR,154900
1459,ISR,137000
1460,ISR,133900
1461,ISR,126900
1462,ISR,92300
1463,ISR,90300
1464,ITA,2643581
1465,ITA,1300977
1466,ITA,1002619
1467,ITA,903705
1468,ITA,683794
1469,ITA,636104
1470,ITA,381161
1471,ITA,376662
1472,ITA,337862
1473,ITA,331848
1474,ITA,277305
1475,ITA,259156
1476,ITA,255268
1477,ITA,216459
1478,ITA,211391
1479,ITA,208214
1480,ITA,191317
1481,ITA,179617
1482,ITA,176022
1483,ITA,172473
1484,ITA,168717
1485,ITA,165926
1486,ITA,161673
1487,ITA,156673
1488,ITA,154891
1489,ITA,143664
1490,ITA,142055
1491,ITA,138418
1492,ITA,132127
1493,ITA,131062
1494,ITA,126282
1495,ITA,120803
1496,ITA,119516
1497,ITA,117837
1498,ITA,115698
1499,ITA,114099
1500,ITA,109738
1501,ITA,107770
1502,ITA,107475
1503,ITA,104906
1504,ITA,102037
1505,ITA,98384
1506,ITA,98329
1507,ITA,98208
1508,ITA,97232
1509,ITA,96700
1510,ITA,95504
1511,ITA,94932
1512,ITA,94505
1513,ITA,94443
1514,ITA,93454
1515,ITA,93286
1516,ITA,92379
1517,ITA,91904
1518,ITA,91729
1519,ITA,90289
1520,ITA,89852
1521,ITA,88987
1522,TMP,47900
1523,AUT,1608144
1524,AUT,240967
1525,AUT,188022
1526,AUT,144247
1527,AUT,111752
1528,AUT,91141
1529,JAM,110379
1530,JAM,103962
1531,JAM,99799
1532,JPN,7980230
1533,JPN,3339594
1534,JPN,2595674
1535,JPN,2154376
1536,JPN,1790886
1537,JPN,1461974
1538,JPN,1425139
1539,JPN,1308379
1540,JPN,1217359
1541,JPN,1119117
1542,JPN,1016264
1543,JPN,989975
1544,JPN,863930
1545,JPN,797735
1546,JPN,656734
1547,JPN,624269
1548,JPN,586300
1549,JPN,568796
1550,JPN,549977
1551,JPN,545299
1552,JPN,517785
1553,JPN,513451
1554,JPN,497464
1555,JPN,481434
1556,JPN,475167
1557,JPN,473854
1558,JPN,469675
1559,JPN,466133
1560,JPN,461126
1561,JPN,455386
1562,JPN,452155
1563,JPN,441893
1564,JPN,441649
1565,JPN,440353
1566,JPN,433401
1567,JPN,432759
1568,JPN,430200
1569,JPN,425103
1570,JPN,408007
1571,JPN,403151
1572,JPN,397618
1573,JPN,396689
1574,JPN,391233
1575,JPN,376921
1576,JPN,372840
1577,JPN,364813
1578,JPN,364197
1579,JPN,362812
1580,JPN,361747
1581,JPN,361737
1582,JPN,361391
1583,JPN,360066
1584,JPN,346090
1585,JPN,345750
1586,JPN,332471
1587,JPN,330335
1588,JPN,328711
1589,JPN,327211
1590,JPN,325809
1591,JPN,325790
1592,JPN,324710
1593,JPN,320296
1594,JPN,314440
1595,JPN,303784
1596,JPN,301446
1597,JPN,299851
1598,JPN,295969
1599,JPN,294788
1600,JPN,292253
1601,JPN,288173
1602,JPN,287525
1603,JPN,287353
1604,JPN,284473
1605,JPN,282348
1606,JPN,282070
1607,JPN,279280
1608,JPN,276421
1609,JPN,270828
1610,JPN,269649
1611,JPN,266281
1612,JPN,261020
1613,JPN,257315
1614,JPN,257263
1615,JPN,255617
1616,JPN,254818
1617,JPN,254207
1618,JPN,246559
1619,JPN,244240
1620,JPN,242979
1621,JPN,239124
1622,JPN,239123
1623,JPN,235611
1624,JPN,231527
1625,JPN,222768
1626,JPN,220576
1627,JPN,216015
1628,JPN,212407
1629,JPN,211382
1630,JPN,209442
1631,JPN,208234
1632,JPN,206801
1633,JPN,206504
1634,JPN,205993
1635,JPN,201838
1636,JPN,201585
1637,JPN,200171
1638,JPN,199753
1639,JPN,197608
1640,JPN,197276
1641,JPN,196622
1642,JPN,192407
1643,JPN,190886
1644,JPN,188735
1645,JPN,184061
1646,JPN,177522
1647,JPN,175206
1648,JPN,174984
1649,JPN,174380
1650,JPN,173685
1651,JPN,171958
1652,JPN,170034
1653,JPN,168072
1654,JPN,167661
1655,JPN,167268
1656,JPN,166979
1657,JPN,166770
1658,JPN,166512
1659,JPN,165243
1660,JPN,164543
1661,JPN,162472
1662,JPN,161222
1663,JPN,160768
1664,JPN,159430
1665,JPN,157171
1666,JPN,155941
1667,JPN,155784
1668,JPN,153823
1669,JPN,152849
1670,JPN,152820
1671,JPN,151758
1672,JPN,149821
1673,JPN,149794
1674,JPN,148006
1675,JPN,147744
1676,JPN,147738
1677,JPN,147523
1678,JPN,146712
1679,JPN,145922
1680,JPN,145317
1681,JPN,142889
1682,JPN,139827
1683,JPN,139216
1684,JPN,138953
1685,JPN,138210
1686,JPN,136970
1687,JPN,136461
1688,JPN,135010
1689,JPN,134426
1690,JPN,134072
1691,JPN,133505
1692,JPN,133183
1693,JPN,132957
1694,JPN,131831
1695,JPN,130594
1696,JPN,130470
1697,JPN,127969
1698,JPN,127550
1699,JPN,127486
1700,JPN,127207
1701,JPN,127026
1702,JPN,126897
1703,JPN,126670
1704,JPN,125547
1705,JPN,125094
1706,JPN,124217
1707,JPN,124013
1708,JPN,123582
1709,JPN,123285
1710,JPN,122046
1711,JPN,121967
1712,JPN,121030
1713,JPN,120963
1714,JPN,119714
1715,JPN,119666
1716,JPN,119357
1717,JPN,119287
1718,JPN,119166
1719,JPN,118968
1720,JPN,118805
1721,JPN,118751
1722,JPN,118326
1723,JPN,117748
1724,JPN,117258
1725,JPN,115781
1726,JPN,115571
1727,JPN,114815
1728,JPN,111666
1729,JPN,111645
1730,JPN,111295
1731,JPN,110969
1732,JPN,110034
1733,JPN,109699
1734,JPN,108600
1735,JPN,108275
1736,JPN,107937
1737,JPN,107661
1738,JPN,107583
1739,JPN,107078
1740,JPN,106996
1741,JPN,106914
1742,JPN,106647
1743,JPN,106232
1744,JPN,106121
1745,JPN,105643
1746,JPN,105508
1747,JPN,103969
1748,JPN,103171
1749,JPN,102710
1750,JPN,102156
1751,JPN,101732
1752,JPN,101651
1753,JPN,101344
1754,JPN,100821
1755,JPN,100713
1756,JPN,100313
1757,JPN,100032
1758,JPN,99738
1759,JPN,98746
1760,JPN,98221
1761,JPN,98123
1762,JPN,97632
1763,JPN,96972
1764,JPN,96002
1765,JPN,95592
1766,JPN,95521
1767,JPN,95165
1768,JPN,94784
1769,JPN,93756
1770,JPN,93342
1771,JPN,93216
1772,JPN,93058
1773,JPN,93053
1774,JPN,92583
1775,JPN,92398
1776,JPN,91664
1777,JPN,91470
1778,JPN,91229
1779,JPN,91170
1780,YEM,503600
1781,YEM,398300
1782,YEM,317600
1783,YEM,298500
1784,YEM,122400
1785,YEM,103300
1786,JOR,1000000
1787,JOR,389815
1788,JOR,231511
1789,JOR,137247
1790,JOR,89104
1791,CXR,700
1792,YUG,1204000
1793,YUG,179626
1794,YUG,175391
1795,YUG,155496
1796,YUG,147305
1797,YUG,135000
1798,YUG,100386
1799,YUG,92303
1800,KHM,570155
1801,KHM,129800
1802,KHM,105100
1803,CMR,1448300
1804,CMR,1372800
1805,CMR,177000
1806,CMR,143000
1807,CMR,138000
1808,CMR,131000
1809,CMR,112454
1810,CAN,1016376
1811,CAN,768082
1812,CAN,688275
1813,CAN,622632
1814,CAN,618477
1815,CAN,616306
1816,CAN,608072
1817,CAN,594501
1818,CAN,514008
1819,CAN,348845
1820,CAN,339917
1821,CAN,335614
1822,CAN,335277
1823,CAN,330393
1824,CAN,304477
1825,CAN,296711
1826,CAN,207588
1827,CAN,193647
1828,CAN,189959
1829,CAN,189098
1830,CAN,180400
1831,CAN,179209
1832,CAN,167264
1833,CAN,154980
1834,CAN,148867
1835,CAN,147889
1836,CAN,145150
1837,CAN,140173
1838,CAN,139192
1839,CAN,136216
1840,CAN,127977
1841,CAN,116428
1842,CAN,115913
1843,CAN,115100
1844,CAN,114733
1845,CAN,114034
1846,CAN,113910
1847,CAN,109186
1848,CAN,107314
1849,CAN,105403
1850,CAN,103593
1851,CAN,101936
1852,CAN,101820
1853,CAN,101388
1854,CAN,100702
1855,CAN,95411
1856,CAN,92686
1857,CAN,89442
1858,CAN,89269
1859,CPV,94800
1860,KAZ,1129400
1861,KAZ,436900
1862,KAZ,360100
1863,KAZ,330100
1864,KAZ,311200
1865,KAZ,311000
1866,KAZ,300500
1867,KAZ,269600
1868,KAZ,253100
1869,KAZ,221400
1870,KAZ,203500
1871,KAZ,195500
1872,KAZ,170500
1873,KAZ,157400
1874,KAZ,143400
1875,KAZ,142500
1876,KAZ,127200
1877,KAZ,123400
1878,KAZ,109500
1879,KAZ,98000
1880,KAZ,90000
1881,KEN,2290000
1882,KEN,461753
1883,KEN,192733
1884,KEN,163927
1885,KEN,116293
1886,KEN,111882
1887,KEN,94947
1888,KEN,91258
1889,CAF,524000
1890,CHN,9696300
1891,CHN,7472000
1892,CHN,6351600
1893,CHN,5286800
1894,CHN,4344600
1895,CHN,4289800
1896,CHN,4265200
1897,CHN,4256300
1898,CHN,3361500
1899,CHN,2870300
1900,CHN,2812000
1901,CHN,2761400
1902,CHN,2697000
1903,CHN,2596000
1904,CHN,2278100
1905,CHN,2190500
1906,CHN,2107200
1907,CHN,2041500
1908,CHN,1968400
1909,CHN,1829500
1910,CHN,1809800
1911,CHN,1691600
1912,CHN,1593800
1913,CHN,1565800
1914,CHN,1465200
1915,CHN,1371200
1916,CHN,1369100
1917,CHN,1310100
1918,CHN,1200000
1919,CHN,1200000
1920,CHN,1161800
1921,CHN,1140000
1922,CHN,1070000
1923,CHN,1040000
1924,CHN,1040000
1925,CHN,980000
1926,CHN,950500
1927,CHN,916700
1928,CHN,840000
1929,CHN,830000
1930,CHN,810000
1931,CHN,800000
1932,CHN,800000
1933,CHN,770000
1934,CHN,760000
1935,CHN,710000
1936,CHN,700200
1937,CHN,700000
1938,CHN,683885
1939,CHN,660000
1940,CHN,640000
1941,CHN,627500
1942,CHN,610000
1943,CHN,580000
1944,CHN,570000
1945,CHN,570000
1946,CHN,544500
1947,CHN,530000
1948,CHN,530000
1949,CHN,520000
1950,CHN,520000
1951,CHN,510000
1952,CHN,493409
1953,CHN,492559
1954,CHN,487148
1955,CHN,483155
1956,CHN,482043
1957,CHN,473762
1958,CHN,457601
1959,CHN,454300
1960,CHN,452127
1961,CHN,449245
1962,CHN,441968
1963,CHN,428522
1964,CHN,425740
1965,CHN,425579
1966,CHN,421589
1967,CHN,420332
1968,CHN,415466
1969,CHN,410775
1970,CHN,410407
1971,CHN,409924
1972,CHN,409100
1973,CHN,401871
1974,CHN,400997
1975,CHN,393184
1976,CHN,386081
1977,CHN,380846
1978,CHN,377869
1979,CHN,371601
1980,CHN,368316
1981,CHN,366549
1982,CHN,364972
1983,CHN,364130
1984,CHN,363954
1985,CHN,362773
1986,CHN,362268
1987,CHN,357052
1988,CHN,354141
1989,CHN,354139
1990,CHN,352125
1991,CHN,350696
1992,CHN,350077
1993,CHN,350043
1994,CHN,343341
1995,CHN,341128
1996,CHN,337765
1997,CHN,324720
1998,CHN,324600
1999,CHN,317223
2000,CHN,317144
2001,CHN,315083
2002,CHN,313469
2003,CHN,312892
2004,CHN,308669
2005,CHN,305421
2006,CHN,303160
2007,CHN,302800
2008,CHN,302789
2009,CHN,301276
2010,CHN,299676
2011,CHN,296831
2012,CHN,291187
2013,CHN,281728
2014,CHN,281352
2015,CHN,281248
2016,CHN,281183
2017,CHN,280657
2018,CHN,278829
2019,CHN,273786
2020,CHN,265683
2021,CHN,265248
2022,CHN,264081
2023,CHN,262947
2024,CHN,262892
2025,CHN,261862
2026,CHN,257862
2027,CHN,256012
2028,CHN,255129
2029,CHN,254842
2030,CHN,251733
2031,CHN,250718
2032,CHN,247227
2033,CHN,246833
2034,CHN,246799
2035,CHN,244974
2036,CHN,243303
2037,CHN,242708
2038,CHN,241019
2039,CHN,239675
2040,CHN,235100
2041,CHN,230892
2042,CHN,230587
2043,CHN,228017
2044,CHN,227881
2045,CHN,226569
2046,CHN,222884
2047,CHN,222394
2048,CHN,220129
2049,CHN,218071
2050,CHN,217987
2051,CHN,215373
2052,CHN,215196
2053,CHN,214957
2054,CHN,214294
2055,CHN,213659
2056,CHN,212976
2057,CHN,211526
2058,CHN,210452
2059,CHN,209038
2060,CHN,208815
2061,CHN,207844
2062,CHN,205560
2063,CHN,205504
2064,CHN,204970
2065,CHN,204899
2066,CHN,200824
2067,CHN,198664
2068,CHN,197602
2069,CHN,197595
2070,CHN,195485
2071,CHN,195064
2072,CHN,194784
2073,CHN,194301
2074,CHN,193784
2075,CHN,192981
2076,CHN,192509
2077,CHN,192247
2078,CHN,191356
2079,CHN,190772
2080,CHN,190123
2081,CHN,189293
2082,CHN,188101
2083,CHN,187309
2084,CHN,186332
2085,CHN,185818
2086,CHN,185154
2087,CHN,185048
2088,CHN,182488
2089,CHN,182241
2090,CHN,181805
2091,CHN,181424
2092,CHN,180650
2093,CHN,180273
2094,CHN,180130
2095,CHN,179976
2096,CHN,179818
2097,CHN,179572
2098,CHN,178683
2099,CHN,178669
2100,CHN,177193
2101,CHN,176367
2102,CHN,175988
2103,CHN,175873
2104,CHN,175753
2105,CHN,174570
2106,CHN,174142
2107,CHN,173878
2108,CHN,173524
2109,CHN,169930
2110,CHN,169603
2111,CHN,169400
2112,CHN,166280
2113,CHN,164880
2114,CHN,164747
2115,CHN,164641
2116,CHN,164092
2117,CHN,163552
2118,CHN,162930
2119,CHN,162198
2120,CHN,161910
2121,CHN,161315
2122,CHN,161023
2123,CHN,160794
2124,CHN,160691
2125,CHN,159538
2126,CHN,159344
2127,CHN,156823
2128,CHN,156468
2129,CHN,156317
2130,CHN,156307
2131,CHN,153364
2132,CHN,152442
2133,CHN,151862
2134,CHN,151585
2135,CHN,150168
2136,CHN,150123
2137,CHN,148583
2138,CHN,148362
2139,CHN,148105
2140,CHN,146288
2141,CHN,146086
2142,CHN,144467
2143,CHN,144280
2144,CHN,144248
2145,CHN,142659
2146,CHN,142302
2147,CHN,142170
2148,CHN,140169
2149,CHN,139417
2150,CHN,138963
2151,CHN,137994
2152,CHN,137080
2153,CHN,136811
2154,CHN,136554
2155,CHN,136446
2156,CHN,136396
2157,CHN,134481
2158,CHN,134419
2159,CHN,133910
2160,CHN,133565
2161,CHN,133555
2162,CHN,133183
2163,CHN,133101
2164,CHN,132971
2165,CHN,132744
2166,CHN,132455
2167,CHN,132260
2168,CHN,132156
2169,CHN,131861
2170,CHN,131807
2171,CHN,131149
2172,CHN,130115
2173,CHN,130031
2174,CHN,128888
2175,CHN,128418
2176,CHN,128258
2177,CHN,126872
2178,CHN,126785
2179,CHN,126438
2180,CHN,125341
2181,CHN,124219
2182,CHN,123958
2183,CHN,123676
2184,CHN,123366
2185,CHN,123357
2186,CHN,123232
2187,CHN,121949
2188,CHN,121397
2189,CHN,120523
2190,CHN,120101
2191,CHN,120023
2192,CHN,120000
2193,CHN,118858
2194,CHN,118553
2195,CHN,117264
2196,CHN,116188
2197,CHN,114586
2198,CHN,114256
2199,CHN,114065
2200,CHN,114025
2201,CHN,113958
2202,CHN,113277
2203,CHN,112673
2204,CHN,112673
2205,CHN,112373
2206,CHN,111762
2207,CHN,110048
2208,CHN,109520
2209,CHN,109268
2210,CHN,109234
2211,CHN,108504
2212,CHN,108359
2213,CHN,107847
2214,CHN,107329
2215,CHN,107004
2216,CHN,106346
2217,CHN,105287
2218,CHN,105265
2219,CHN,105021
2220,CHN,104571
2221,CHN,104269
2222,CHN,103211
2223,CHN,103104
2224,CHN,102820
2225,CHN,102770
2226,CHN,102628
2227,CHN,102384
2228,CHN,102134
2229,CHN,102052
2230,CHN,100478
2231,CHN,99265
2232,CHN,99193
2233,CHN,98667
2234,CHN,98531
2235,CHN,97994
2236,CHN,97168
2237,CHN,95900
2238,CHN,95761
2239,CHN,94000
2240,CHN,93056
2241,CHN,93009
2242,CHN,92889
2243,CHN,91999
2244,CHN,91471
2245,CHN,91030
2246,CHN,90870
2247,CHN,90646
2248,CHN,90286
2249,CHN,90222
2250,CHN,89400
2251,CHN,89373
2252,CHN,89288
2253,KGZ,589400
2254,KGZ,222700
2255,KIR,5055
2256,KIR,2226
2257,COL,6260862
2258,COL,2077386
2259,COL,1861265
2260,COL,1223260
2261,COL,805757
2262,COL,606932
2263,COL,515555
2264,COL,393664
2265,COL,381725
2266,COL,359147
2267,COL,337580
2268,COL,333470
2269,COL,332396
2270,COL,300052
2271,COL,295058
2272,COL,288977
2273,COL,273140
2274,COL,272058
2275,COL,263247
2276,COL,248245
2277,COL,228985
2278,COL,226509
2279,COL,224336
2280,COL,221913
2281,COL,220704
2282,COL,200719
2283,COL,178020
2284,COL,159363
2285,COL,152488
2286,COL,135848
2287,COL,125884
2288,COL,110963
2289,COL,110699
2290,COL,109740
2291,COL,108574
2292,COL,108053
2293,COL,107728
2294,COL,90688
2295,COM,36000
2296,COG,950000
2297,COG,500000
2298,COD,5064000
2299,COD,851381
2300,COD,806475
2301,COD,417810
2302,COD,417517
2303,COD,393030
2304,COD,299118
2305,COD,201569
2306,COD,182142
2307,COD,180860
2308,COD,172730
2309,COD,169841
2310,COD,137459
2311,COD,135284
2312,COD,115590
2313,COD,109406
2314,COD,109094
2315,COD,101309
2316,CCK,503
2317,CCK,167
2318,PRK,2484000
2319,PRK,709730
2320,PRK,582480
2321,PRK,566200
2322,PRK,326011
2323,PRK,300148
2324,PRK,272934
2325,PRK,254146
2326,PRK,229172
2327,PRK,223410
2328,PRK,179000
2329,PRK,178020
2330,PRK,171500
2331,KOR,9981619
2332,KOR,3804522
2333,KOR,2559424
2334,KOR,2548568
2335,KOR,1425835
2336,KOR,1368341
2337,KOR,1084891
2338,KOR,869094
2339,KOR,779412
2340,KOR,755550
2341,KOR,591106
2342,KOR,563153
2343,KOR,531376
2344,KOR,518282
2345,KOR,510314
2346,KOR,508899
2347,KOR,481694
2348,KOR,441242
2349,KOR,350914
2350,KOR,330259
2351,KOR,329886
2352,KOR,322685
2353,KOR,312927
2354,KOR,311431
2355,KOR,276111
2356,KOR,272968
2357,KOR,266569
2358,KOR,258511
2359,KOR,256370
2360,KOR,249263
2361,KOR,247452
2362,KOR,242643
2363,KOR,237460
2364,KOR,235233
2365,KOR,234528
2366,KOR,229060
2367,KOR,220403
2368,KOR,205206
2369,KOR,188443
2370,KOR,183596
2371,KOR,173746
2372,KOR,163379
2373,KOR,163351
2374,KOR,155332
2375,KOR,154663
2376,KOR,147562
2377,KOR,147027
2378,KOR,146619
2379,KOR,142173
2380,KOR,139111
2381,KOR,137070
2382,KOR,134746
2383,KOR,133443
2384,KOR,131717
2385,KOR,131229
2386,KOR,131097
2387,KOR,125997
2388,KOR,124116
2389,KOR,122604
2390,KOR,122052
2391,KOR,121501
2392,KOR,115812
2393,KOR,115427
2394,KOR,113511
2395,KOR,113494
2396,KOR,108788
2397,KOR,107831
2398,KOR,103544
2399,KOR,95472
2400,KOR,92239
2401,GRC,772072
2402,GRC,383967
2403,GRC,182671
2404,GRC,153344
2405,GRC,137288
2406,GRC,116178
2407,GRC,114233
2408,GRC,113090
2409,HRV,706770
2410,HRV,189388
2411,HRV,167964
2412,HRV,104761
2413,CUB,2256000
2414,CUB,433180
2415,CUB,298726
2416,CUB,249492
2417,CUB,207350
2418,CUB,205078
2419,CUB,142100
2420,CUB,141000
2421,CUB,132770
2422,CUB,132350
2423,CUB,123273
2424,CUB,109350
2425,CUB,100751
2426,CUB,98505
2427,KWT,130215
2428,KWT,102178
2429,KWT,28859
2430,CYP,195000
2431,CYP,154400
2432,LAO,531800
2433,LAO,96652
2434,LVA,764328
2435,LVA,114829
2436,LVA,89439
2437,LSO,297000
2438,LBN,1100000
2439,LBN,240000
2440,LBR,850000
2441,LBY,1682000
2442,LBY,804000
2443,LBY,121669
2444,LBY,89338
2445,LIE,5346
2446,LIE,5043
2447,LTU,577969
2448,LTU,412639
2449,LTU,202451
2450,LTU,146563
2451,LTU,133695
2452,LUX,80700
2453,ESH,169000
2454,MAC,437500
2455,MDG,675669
2456,MDG,127441
2457,MDG,120239
2458,MDG,100807
2459,MDG,99005
2460,MKD,444299
2461,MWI,478155
2462,MWI,435964
2463,MDV,71000
2464,MYS,1297526
2465,MYS,382853
2466,MYS,328436
2467,MYS,254350
2468,MYS,243355
2469,MYS,228119
2470,MYS,219603
2471,MYS,219582
2472,MYS,199484
2473,MYS,183261
2474,MYS,182869
2475,MYS,148059
2476,MYS,126381
2477,MYS,125841
2478,MYS,124412
2479,MYS,124228
2480,MYS,114763
2481,MYS,102019
2482,MLI,809552
2483,MLT,21445
2484,MLT,7073
2485,MAR,2940623
2486,MAR,623457
2487,MAR,621914
2488,MAR,541162
2489,MAR,521735
2490,MAR,504420
2491,MAR,460000
2492,MAR,365382
2493,MAR,292600
2494,MAR,277516
2495,MAR,262300
2496,MAR,155244
2497,MAR,154706
2498,MAR,152090
2499,MAR,140212
2500,MAR,126303
2501,MAR,119083
2502,MAR,112450
2503,MAR,107065
2504,MAR,96200
2505,MAR,92700
2506,MAR,90400
2507,MHL,28000
2508,MTQ,94050
2509,MRT,667300
2510,MRT,97600
2511,MUS,138200
2512,MUS,100616
2513,MUS,98464
2514,MYT,12000
2515,MEX,8591309
2516,MEX,1647720
2517,MEX,1620303
2518,MEX,1346176
2519,MEX,1224924
2520,MEX,1217818
2521,MEX,1212232
2522,MEX,1133576
2523,MEX,1108499
2524,MEX,1002239
2525,MEX,857511
2526,MEX,764902
2527,MEX,744859
2528,MEX,721011
2529,MEX,720755
2530,MEX,703324
2531,MEX,670208
2532,MEX,669353
2533,MEX,668780
2534,MEX,665617
2535,MEX,643360
2536,MEX,639839
2537,MEX,619958
2538,MEX,608697
2539,MEX,577352
2540,MEX,529093
2541,MEX,519873
2542,MEX,495540
2543,MEX,490524
2544,MEX,490245
2545,MEX,475472
2546,MEX,467262
2547,MEX,457119
2548,MEX,452976
2549,MEX,440039
2550,MEX,433544
2551,MEX,432411
2552,MEX,419776
2553,MEX,419276
2554,MEX,416428
2555,MEX,390058
2556,MEX,382140
2557,MEX,380265
2558,MEX,369573
2559,MEX,358663
2560,MEX,355679
2561,MEX,337966
2562,MEX,336109
2563,MEX,323113
2564,MEX,310277
2565,MEX,305025
2566,MEX,294789
2567,MEX,293160
2568,MEX,282941
2569,MEX,277201
2570,MEX,272806
2571,MEX,271141
2572,MEX,269393
2573,MEX,267037
2574,MEX,265211
2575,MEX,262686
2576,MEX,256848
2577,MEX,252270
2578,MEX,244688
2579,MEX,232961
2580,MEX,226864
2581,MEX,226573
2582,MEX,225943
2583,MEX,222201
2584,MEX,216903
2585,MEX,216735
2586,MEX,213045
2587,MEX,208014
2588,MEX,203681
2589,MEX,196708
2590,MEX,194265
2591,MEX,193657
2592,MEX,193156
2593,MEX,192509
2594,MEX,183741
2595,MEX,182744
2596,MEX,182012
2597,MEX,179956
2598,MEX,179300
2599,MEX,177330
2600,MEX,176952
2601,MEX,172410
2602,MEX,171495
2603,MEX,171367
2604,MEX,170878
2605,MEX,170428
2606,MEX,170123
2607,MEX,164640
2608,MEX,161191
2609,MEX,159103
2610,MEX,158335
2611,MEX,153132
2612,MEX,152983
2613,MEX,152678
2614,MEX,146411
2615,MEX,145396
2616,MEX,145276
2617,MEX,143927
2618,MEX,142251
2619,MEX,141215
2620,MEX,140495
2621,MEX,137970
2622,MEX,135721
2623,MEX,134645
2624,MEX,134037
2625,MEX,133795
2626,MEX,133675
2627,MEX,132317
2628,MEX,130557
2629,MEX,130108
2630,MEX,129454
2631,MEX,128675
2632,MEX,127949
2633,MEX,127898
2634,MEX,127490
2635,MEX,126475
2636,MEX,126147
2637,MEX,124279
2638,MEX,124014
2639,MEX,123883
2640,MEX,123700
2641,MEX,123220
2642,MEX,121946
2643,MEX,121715
2644,MEX,121093
2645,MEX,118948
2646,MEX,118815
2647,MEX,118488
2648,MEX,117849
2649,MEX,117019
2650,MEX,116132
2651,MEX,115548
2652,MEX,112453
2653,MEX,112272
2654,MEX,110550
2655,MEX,110487
2656,MEX,110388
2657,MEX,108881
2658,MEX,108017
2659,MEX,106198
2660,MEX,105199
2661,MEX,104986
2662,MEX,104164
2663,MEX,103901
2664,MEX,102824
2665,MEX,102716
2666,MEX,100881
2667,MEX,100149
2668,MEX,99907
2669,MEX,99781
2670,MEX,99734
2671,MEX,99714
2672,MEX,99296
2673,MEX,97389
2674,MEX,97199
2675,MEX,96763
2676,MEX,95448
2677,MEX,95311
2678,MEX,95305
2679,MEX,94934
2680,MEX,94709
2681,MEX,94322
2682,MEX,93364
2683,MEX,92686
2684,MEX,91858
2685,MEX,90551
2686,MEX,89556
2687,MEX,89143
2688,FSM,22000
2689,FSM,8600
2690,MDA,719900
2691,MDA,194300
2692,MDA,153400
2693,MDA,125700
2694,MCO,13154
2695,MCO,1234
2696,MNG,773700
2697,MSR,2000
2698,MOZ,1018938
2699,MOZ,424662
2700,MOZ,397368
2701,MOZ,303346
2702,MOZ,171056
2703,MOZ,158248
2704,MOZ,150116
2705,MOZ,124700
2706,MOZ,101984
2707,MOZ,99442
2708,MOZ,99300
2709,MOZ,93985
2710,MMR,3361700
2711,MMR,885300
2712,MMR,307900
2713,MMR,190900
2714,MMR,183900
2715,MMR,138600
2716,MMR,137600
2717,MMR,131500
2718,MMR,129700
2719,MMR,122700
2720,MMR,107600
2721,MMR,105700
2722,MMR,104700
2723,MMR,103600
2724,MMR,96800
2725,MMR,94800
2726,NAM,169000
2727,NRU,4050
2728,NRU,559
2729,NPL,591835
2730,NPL,157764
2731,NPL,146318
2732,NPL,145847
2733,NPL,90639
2734,NIC,959000
2735,NIC,123865
2736,NIC,97387
2737,NIC,88971
2738,NER,420000
2739,NER,120892
2740,NER,112965
2741,NGA,1518000
2742,NGA,1432000
2743,NGA,730000
2744,NGA,674100
2745,NGA,476800
2746,NGA,475800
2747,NGA,427400
2748,NGA,410000
2749,NGA,379200
2750,NGA,378400
2751,NGA,371900
2752,NGA,362000
2753,NGA,359400
2754,NGA,350100
2755,NGA,342200
2756,NGA,333200
2757,NGA,320000
2758,NGA,316100
2759,NGA,307100
2760,NGA,298900
2761,NGA,296800
2762,NGA,264000
2763,NGA,256400
2764,NGA,244600
2765,NGA,229400
2766,NGA,217300
2767,NGA,206500
2768,NGA,206300
2769,NGA,204900
2770,NGA,199000
2771,NGA,197200
2772,NGA,184900
2773,NGA,184500
2774,NGA,183500
2775,NGA,181400
2776,NGA,174500
2777,NGA,174400
2778,NGA,173600
2779,NGA,162300
2780,NGA,158000
2781,NGA,156400
2782,NGA,153100
2783,NGA,148000
2784,NGA,147700
2785,NGA,142900
2786,NGA,140800
2787,NGA,139200
2788,NGA,138600
2789,NGA,136900
2790,NGA,126100
2791,NGA,125500
2792,NGA,123300
2793,NGA,123100
2794,NGA,122500
2795,NGA,119800
2796,NGA,117200
2797,NGA,111200
2798,NGA,107800
2799,NGA,106800
2800,NGA,105900
2801,NGA,105000
2802,NGA,103400
2803,NGA,102600
2804,NGA,101000
2805,NIU,682
2806,NFK,800
2807,NOR,508726
2808,NOR,230948
2809,NOR,150166
2810,NOR,108848
2811,NOR,101340
2812,CIV,2500000
2813,CIV,329850
2814,CIV,130000
2815,CIV,121842
2816,CIV,109445
2817,OMN,155000
2818,OMN,131813
2819,OMN,107500
2820,OMN,90814
2821,OMN,51969
2822,PAK,9269265
2823,PAK,5063499
2824,PAK,1977246
2825,PAK,1406214
2826,PAK,1182441
2827,PAK,1151274
2828,PAK,1124749
2829,PAK,988005
2830,PAK,560307
2831,PAK,524500
2832,PAK,455360
2833,PAK,417597
2834,PAK,403408
2835,PAK,329176
2836,PAK,292214
2837,PAK,271875
2838,PAK,270366
2839,PAK,250121
2840,PAK,244511
2841,PAK,241649
2842,PAK,228479
2843,PAK,207388
2844,PAK,200901
2845,PAK,198400
2846,PAK,188100
2847,PAK,184500
2848,PAK,183100
2849,PAK,174500
2850,PAK,169300
2851,PAK,151000
2852,PAK,149900
2853,PAK,145800
2854,PAK,141500
2855,PAK,137700
2856,PAK,133300
2857,PAK,133000
2858,PAK,130200
2859,PAK,125300
2860,PAK,121600
2861,PAK,117800
2862,PAK,115000
2863,PAK,109600
2864,PAK,108600
2865,PAK,107800
2866,PAK,106000
2867,PAK,103400
2868,PAK,103300
2869,PAK,102200
2870,PAK,101700
2871,PAK,101500
2872,PAK,98600
2873,PAK,97300
2874,PAK,96000
2875,PAK,95300
2876,PAK,93100
2877,PAK,92300
2878,PAK,90400
2879,PAK,89700
2880,PAK,89400
2881,PLW,12000
2882,PAN,471373
2883,PAN,315382
2884,PNG,247000
2885,PRY,557776
2886,PRY,133881
2887,PRY,133395
2888,PRY,99681
2889,PRY,95287
2890,PER,6464693
2891,PER,762000
2892,PER,652000
2893,PER,517000
2894,PER,424294
2895,PER,367000
2896,PER,336000
2897,PER,327000
2898,PER,325000
2899,PER,291000
2900,PER,220866
2901,PER,215683
2902,PER,194820
2903,PER,147361
2904,PER,142576
2905,PER,129688
2906,PER,118960
2907,PER,110016
2908,PER,108009
2909,PER,101578
2910,PER,101056
2911,PER,90642
2912,PCN,42
2913,MNP,9200
2914,PRT,563210
2915,PRT,273060
2916,PRT,122106
2917,PRT,96100
2918,PRT,90535
2919,PRI,434374
2920,PRI,224044
2921,PRI,186475
2922,PRI,186076
2923,PRI,140502
2924,PRI,100131
2925,PRI,100053
2926,PRI,98434
2927,PRI,94085
2928,POL,1615369
2929,POL,800110
2930,POL,738150
2931,POL,636765
2932,POL,576899
2933,POL,458988
2934,POL,416988
2935,POL,386855
2936,POL,356251
2937,POL,345934
2938,POL,283937
2939,POL,257812
2940,POL,253521
2941,POL,244102
2942,POL,232262
2943,POL,212383
2944,POL,212164
2945,POL,206158
2946,POL,205560
2947,POL,200177
2948,POL,180307
2949,POL,170904
2950,POL,162049
2951,POL,159665
2952,POL,144582
2953,POL,136923
2954,POL,133178
2955,POL,131037
2956,POL,131011
2957,POL,129782
2958,POL,129553
2959,POL,126019
2960,POL,123373
2961,POL,121708
2962,POL,121494
2963,POL,118182
2964,POL,112375
2965,POL,109335
2966,POL,106641
2967,POL,102434
2968,POL,102370
2969,POL,102294
2970,POL,97929
2971,POL,93901
2972,GNQ,40000
2973,QAT,355000
2974,FRA,2125246
2975,FRA,798430
2976,FRA,445452
2977,FRA,390350
2978,FRA,342738
2979,FRA,270251
2980,FRA,264115
2981,FRA,225392
2982,FRA,215363
2983,FRA,206229
2984,FRA,190905
2985,FRA,187206
2986,FRA,184657
2987,FRA,180210
2988,FRA,160639
2989,FRA,153317
2990,FRA,151279
2991,FRA,149867
2992,FRA,149634
2993,FRA,146105
2994,FRA,137140
2995,FRA,135501
2996,FRA,134222
2997,FRA,133968
2998,FRA,133424
2999,FRA,132820
3000,FRA,124215
3001,FRA,123776
3002,FRA,117733
3003,FRA,113987
3004,FRA,113126
3005,FRA,110359
3006,FRA,106592
3007,FRA,106367
3008,FRA,105115
3009,FRA,103605
3010,FRA,96984
3011,FRA,93961
3012,FRA,93540
3013,FRA,90674
3014,GUF,50699
3015,PYF,25888
3016,PYF,25553
3017,REU,131480
3018,ROM,2016131
3019,ROM,348070
3020,ROM,342264
3021,ROM,332498
3022,ROM,330276
3023,ROM,324304
3024,ROM,314225
3025,ROM,313530
3026,ROM,251348
3027,ROM,233756
3028,ROM,222239
3029,ROM,209235
3030,ROM,187170
3031,ROM,184408
3032,ROM,169611
3033,ROM,165153
3034,ROM,149665
3035,ROM,148372
3036,ROM,130059
3037,ROM,128730
3038,ROM,125070
3039,ROM,119741
3040,ROM,118549
3041,ROM,117865
3042,ROM,98980
3043,ROM,98979
3044,ROM,98524
3045,ROM,96278
3046,ROM,93976
3047,RWA,286000
3048,SWE,750348
3049,SWE,466990
3050,SWE,259579
3051,SWE,189569
3052,SWE,133168
3053,SWE,126328
3054,SWE,124207
3055,SWE,122199
3056,SWE,117737
3057,SWE,117095
3058,SWE,104512
3059,SWE,98948
3060,SWE,96883
3061,SWE,93126
3062,SWE,90742
3063,SHN,1500
3064,KNA,11600
3065,LCA,2301
3066,VCT,17100
3067,SPM,5808
3068,DEU,3386667
3069,DEU,1704735
3070,DEU,1194560
3071,DEU,962507
3072,DEU,643821
3073,DEU,599515
3074,DEU,590213
3075,DEU,582443
3076,DEU,568855
3077,DEU,540330
3078,DEU,519793
3079,DEU,514718
3080,DEU,489532
3081,DEU,486628
3082,DEU,476668
3083,DEU,392830
3084,DEU,368993
3085,DEU,321125
3086,DEU,307730
3087,DEU,301048
3088,DEU,281979
3089,DEU,277204
3090,DEU,268716
3091,DEU,264670
3092,DEU,263697
3093,DEU,263222
3094,DEU,254867
3095,DEU,254360
3096,DEU,246322
3097,DEU,243825
3098,DEU,241769
3099,DEU,235073
3100,DEU,233795
3101,DEU,222349
3102,DEU,213326
3103,DEU,205201
3104,DEU,203279
3105,DEU,202455
3106,DEU,201267
3107,DEU,196211
3108,DEU,183836
3109,DEU,183134
3110,DEU,181804
3111,DEU,175661
3112,DEU,173895
3113,DEU,165583
3114,DEU,164539
3115,DEU,163771
3116,DEU,160841
3117,DEU,154125
3118,DEU,149702
3119,DEU,139672
3120,DEU,137776
3121,DEU,137647
3122,DEU,128983
3123,DEU,127350
3124,DEU,125236
3125,DEU,125022
3126,DEU,124775
3127,DEU,122735
3128,DEU,121954
3129,DEU,121097
3130,DEU,120125
3131,DEU,119526
3132,DEU,117227
3133,DEU,116627
3134,DEU,116103
3135,DEU,114826
3136,DEU,114718
3137,DEU,112934
3138,DEU,110894
3139,DEU,110343
3140,DEU,109771
3141,DEU,109225
3142,DEU,108003
3143,DEU,106837
3144,DEU,106150
3145,DEU,104146
3146,DEU,104013
3147,DEU,103384
3148,DEU,102878
3149,DEU,100750
3150,DEU,100025
3151,DEU,99891
3152,DEU,99779
3153,DEU,99474
3154,DEU,95028
3155,DEU,93735
3156,DEU,92044
3157,DEU,91092
3158,DEU,90951
3159,DEU,89881
3160,DEU,89667
3161,SLB,50100
3162,ZMB,1317000
3163,ZMB,329200
3164,ZMB,288600
3165,ZMB,154300
3166,ZMB,142400
3167,ZMB,123900
3168,ZMB,118100
3169,WSM,35900
3170,SMR,4802
3171,SMR,2294
3172,STP,49541
3173,SAU,3324000
3174,SAU,2046300
3175,SAU,965700
3176,SAU,608300
3177,SAU,482300
3178,SAU,416100
3179,SAU,292600
3180,SAU,248600
3181,SAU,225800
3182,SAU,219100
3183,SAU,217900
3184,SAU,176800
3185,SAU,152100
3186,SAU,141700
3187,SAU,140800
3188,SAU,137800
3189,SAU,125700
3190,SAU,119800
3191,SAU,112300
3192,SAU,108100
3193,SAU,98900
3194,SAU,93900
3195,SAU,91100
3196,SAU,91000
3197,SEN,855287
3198,SEN,785071
3199,SEN,248000
3200,SEN,199000
3201,SEN,192000
3202,SEN,150000
3203,SEN,132400
3204,SEN,109300
3205,SEN,99400
3206,SYC,41000
3207,SLE,850000
3208,SGP,4017733
3209,SVK,448292
3210,SVK,241874
3211,SVK,93977
3212,SVN,270986
3213,SVN,115532
3214,SOM,997000
3215,SOM,90000
3216,SOM,90000
3217,LKA,645000
3218,LKA,203000
3219,LKA,190000
3220,LKA,149000
3221,LKA,140000
3222,LKA,118000
3223,LKA,100000
3224,SDN,1271403
3225,SDN,947483
3226,SDN,700887
3227,SDN,308195
3228,SDN,234622
3229,SDN,229425
3230,SDN,227183
3231,SDN,211362
3232,SDN,191164
3233,SDN,173599
3234,SDN,141884
3235,SDN,114980
3236,FIN,555474
3237,FIN,213271
3238,FIN,195468
3239,FIN,178471
3240,FIN,172561
3241,FIN,120753
3242,FIN,96921
3243,SUR,112000
3244,SWZ,61000
3245,CHE,336800
3246,CHE,173500
3247,CHE,166700
3248,CHE,122700
3249,CHE,114500
3250,SYR,1347000
3251,SYR,1261983
3252,SYR,507404
3253,SYR,343361
3254,SYR,264563
3255,SYR,144286
3256,SYR,140459
3257,SYR,138469
3258,SYR,131158
3259,SYR,108020
3260,SYR,91081
3261,TJK,524000
3262,TJK,161500
3263,TWN,2641312
3264,TWN,1475505
3265,TWN,940589
3266,TWN,728060
3267,TWN,523850
3268,TWN,392176
3269,TWN,385201
3270,TWN,380084
3271,TWN,365048
3272,TWN,361958
3273,TWN,318649
3274,TWN,318562
3275,TWN,316438
3276,TWN,265109
3277,TWN,263603
3278,TWN,227715
3279,TWN,227700
3280,TWN,224897
3281,TWN,214727
3282,TWN,193005
3283,TWN,188344
3284,TWN,171940
3285,TWN,165524
3286,TWN,161700
3287,TWN,161032
3288,TWN,160516
3289,TWN,154976
3290,TWN,151260
3291,TWN,126402
3292,TWN,126323
3293,TWN,115897
3294,TWN,112195
3295,TWN,111882
3296,TWN,111039
3297,TWN,108407
3298,TWN,104723
3299,TWN,103088
3300,TWN,98900
3301,TWN,96800
3302,TWN,92200
3303,TWN,92000
3304,TWN,90000
3305,TZA,1747000
3306,TZA,189000
3307,TZA,172300
3308,TZA,157634
3309,TZA,137400
3310,TZA,130800
3311,TZA,117800
3312,TZA,102500
3313,TZA,96800
3314,TZA,92800
3315,DNK,495699
3316,DNK,284846
3317,DNK,183912
3318,DNK,161161
3319,DNK,90327
3320,THA,6320174
3321,THA,292100
3322,THA,181400
3323,THA,171100
3324,THA,158100
3325,THA,148632
3326,THA,126500
3327,THA,126055
3328,THA,123800
3329,THA,116300
3330,THA,94900
3331,THA,94100
3332,TGO,375000
3333,TKL,300
3334,TON,22400
3335,TTO,56601
3336,TTO,43396
3337,TCD,530965
3338,TCD,99500
3339,CZE,1181126
3340,CZE,381862
3341,CZE,320041
3342,CZE,166759
3343,CZE,102702
3344,CZE,99155
3345,CZE,98186
3346,CZE,98080
3347,CZE,95491
3348,CZE,91309
3349,TUN,690600
3350,TUN,257800
3351,TUN,197000
3352,TUN,178600
3353,TUN,145900
3354,TUN,113100
3355,TUN,108900
3356,TUN,106600
3357,TUR,8787958
3358,TUR,3038159
3359,TUR,2130359
3360,TUR,1131198
3361,TUR,1095842
3362,TUR,789056
3363,TUR,628364
3364,TUR,587212
3365,TUR,564914
3366,TUR,479884
3367,TUR,475657
3368,TUR,470781
3369,TUR,405905
3370,TUR,339871
3371,TUR,330312
3372,TUR,264170
3373,TUR,253848
3374,TUR,246642
3375,TUR,246535
3376,TUR,246206
3377,TUR,245772
3378,TUR,228815
3379,TUR,219319
3380,TUR,211068
3381,TUR,210068
3382,TUR,207148
3383,TUR,203793
3384,TUR,196382
3385,TUR,190641
3386,TUR,153022
3387,TUR,146003
3388,TUR,145495
3389,TUR,144761
3390,TUR,143982
3391,TUR,142044
3392,TUR,141529
3393,TUR,138234
3394,TUR,133642
3395,TUR,128651
3396,TUR,128162
3397,TUR,123383
3398,TUR,123300
3399,TUR,121911
3400,TUR,118285
3401,TUR,118245
3402,TUR,117300
3403,TUR,112000
3404,TUR,111542
3405,TUR,107100
3406,TUR,106400
3407,TUR,106077
3408,TUR,104200
3409,TUR,103984
3410,TUR,102681
3411,TUR,102412
3412,TUR,102304
3413,TUR,101400
3414,TUR,99900
3415,TUR,99500
3416,TUR,93000
3417,TUR,90500
3418,TUR,90200
3419,TKM,540600
3420,TKM,189200
3421,TKM,141800
3422,TKM,101000
3423,TCA,4800
3424,TUV,4600
3425,UGA,890800
3426,UKR,2624000
3427,UKR,1500000
3428,UKR,1103000
3429,UKR,1050000
3430,UKR,1011000
3431,UKR,848000
3432,UKR,788000
3433,UKR,703000
3434,UKR,508000
3435,UKR,490000
3436,UKR,469000
3437,UKR,391000
3438,UKR,384000
3439,UKR,353000
3440,UKR,348000
3441,UKR,339000
3442,UKR,313000
3443,UKR,313000
3444,UKR,309000
3445,UKR,299000
3446,UKR,297000
3447,UKR,294000
3448,UKR,270000
3449,UKR,265000
3450,UKR,262000
3451,UKR,259000
3452,UKR,245000
3453,UKR,239000
3454,UKR,237000
3455,UKR,236000
3456,UKR,217000
3457,UKR,215000
3458,UKR,186000
3459,UKR,169000
3460,UKR,162000
3461,UKR,149000
3462,UKR,130000
3463,UKR,127000
3464,UKR,127000
3465,UKR,127000
3466,UKR,127000
3467,UKR,119000
3468,UKR,116000
3469,UKR,112000
3470,UKR,109000
3471,UKR,105000
3472,UKR,101000
3473,UKR,101000
3474,UKR,99000
3475,UKR,96000
3476,UKR,95000
3477,UKR,90000
3478,UKR,90000
3479,UKR,90000
3480,UKR,90000
3481,UKR,89000
3482,UKR,89000
3483,HUN,1811552
3484,HUN,203648
3485,HUN,172357
3486,HUN,158158
3487,HUN,157332
3488,HUN,127119
3489,HUN,112419
3490,HUN,105606
3491,HUN,105119
3492,URY,1236000
3493,NCL,76293
3494,NZL,381800
3495,NZL,324200
3496,NZL,281800
3497,NZL,187700
3498,NZL,170600
3499,NZL,166700
3500,NZL,119600
3501,NZL,117100
3502,NZL,98100
3503,UZB,2117500
3504,UZB,370500
3505,UZB,361800
3506,UZB,318600
3507,UZB,237100
3508,UZB,194100
3509,UZB,194100
3510,UZB,190100
3511,UZB,180500
3512,UZB,146400
3513,UZB,140800
3514,UZB,138900
3515,UZB,128000
3516,UZB,124800
3517,UZB,116300
3518,UZB,114900
3519,UZB,109500
3520,BLR,1674000
3521,BLR,475000
3522,BLR,356000
3523,BLR,340000
3524,BLR,302000
3525,BLR,286000
3526,BLR,221000
3527,BLR,167000
3528,BLR,151000
3529,BLR,130000
3530,BLR,124000
3531,BLR,110000
3532,BLR,106000
3533,BLR,101000
3534,BLR,101000
3535,BLR,97000
3536,WLF,1137
3537,VUT,33700
3538,VAT,455
3539,VEN,1975294
3540,VEN,1304776
3541,VEN,877239
3542,VEN,794246
3543,VEN,663713
3544,VEN,488868
3545,VEN,444443
3546,VEN,322267
3547,VEN,319726
3548,VEN,319373
3549,VEN,301107
3550,VEN,293105
3551,VEN,224887
3552,VEN,221329
3553,VEN,217831
3554,VEN,217499
3555,VEN,207290
3556,VEN,187722
3557,VEN,185766
3558,VEN,178784
3559,VEN,167215
3560,VEN,165889
3561,VEN,158954
3562,VEN,155700
3563,VEN,134501
3564,VEN,131334
3565,VEN,130281
3566,VEN,125621
3567,VEN,119639
3568,VEN,117012
3569,VEN,116256
3570,VEN,109121
3571,VEN,107146
3572,VEN,105690
3573,VEN,99354
3574,VEN,97168
3575,VEN,95927
3576,VEN,94269
3577,VEN,93809
3578,VEN,90940
3579,VEN,90000
3580,RUS,8389200
3581,RUS,4694000
3582,RUS,1398800
3583,RUS,1357000
3584,RUS,1266300
3585,RUS,1156100
3586,RUS,1148900
3587,RUS,1101000
3588,RUS,1091200
3589,RUS,1083200
3590,RUS,1012700
3591,RUS,1009700
3592,RUS,993400
3593,RUS,907700
3594,RUS,875500
3595,RUS,874000
3596,RUS,722900
3597,RUS,667400
3598,RUS,652800
3599,RUS,639000
3600,RUS,616700
3601,RUS,609400
3602,RUS,606200
3603,RUS,593700
3604,RUS,580100
3605,RUS,561600
3606,RUS,532200
3607,RUS,529900
3608,RUS,523600
3609,RUS,521000
3610,RUS,514700
3611,RUS,506100
3612,RUS,503400
3613,RUS,492700
3614,RUS,486100
3615,RUS,482100
3616,RUS,466200
3617,RUS,459200
3618,RUS,459200
3619,RUS,457400
3620,RUS,454900
3621,RUS,443500
3622,RUS,427900
3623,RUS,424400
3624,RUS,390900
3625,RUS,376300
3626,RUS,370400
3627,RUS,364700
3628,RUS,361800
3629,RUS,358600
3630,RUS,353400
3631,RUS,344500
3632,RUS,343300
3633,RUS,342000
3634,RUS,339300
3635,RUS,337100
3636,RUS,332800
3637,RUS,324400
3638,RUS,314800
3639,RUS,312000
3640,RUS,310100
3641,RUS,309900
3642,RUS,302500
3643,RUS,299500
3644,RUS,291600
3645,RUS,288100
3646,RUS,286900
3647,RUS,284400
3648,RUS,282100
3649,RUS,277600
3650,RUS,277100
3651,RUS,274900
3652,RUS,273900
3653,RUS,265200
3654,RUS,264700
3655,RUS,249200
3656,RUS,239600
3657,RUS,237300
3658,RUS,233900
3659,RUS,233400
3660,RUS,229700
3661,RUS,229300
3662,RUS,225000
3663,RUS,223400
3664,RUS,222000
3665,RUS,221800
3666,RUS,213800
3667,RUS,207100
3668,RUS,206000
3669,RUS,203300
3670,RUS,201500
3671,RUS,196900
3672,RUS,195400
3673,RUS,194300
3674,RUS,194100
3675,RUS,190600
3676,RUS,189000
3677,RUS,186900
3678,RUS,186000
3679,RUS,184400
3680,RUS,181900
3681,RUS,179200
3682,RUS,178200
3683,RUS,169200
3684,RUS,167300
3685,RUS,166200
3686,RUS,164900
3687,RUS,163900
3688,RUS,162600
3689,RUS,159900
3690,RUS,157700
3691,RUS,157300
3692,RUS,156800
3693,RUS,155700
3694,RUS,150700
3695,RUS,147000
3696,RUS,142400
3697,RUS,141200
3698,RUS,140800
3699,RUS,140700
3700,RUS,138100
3701,RUS,137000
3702,RUS,136100
3703,RUS,133700
3704,RUS,132900
3705,RUS,132600
3706,RUS,132500
3707,RUS,132400
3708,RUS,132000
3709,RUS,127400
3710,RUS,124900
3711,RUS,124600
3712,RUS,123400
3713,RUS,121700
3714,RUS,121600
3715,RUS,121000
3716,RUS,120700
3717,RUS,120400
3718,RUS,119400
3719,RUS,118600
3720,RUS,117200
3721,RUS,116300
3722,RUS,116200
3723,RUS,115700
3724,RUS,113800
3725,RUS,111500
3726,RUS,111100
3727,RUS,110700
3728,RUS,110000
3729,RUS,109600
3730,RUS,108300
3731,RUS,107400
3732,RUS,106300
3733,RUS,106000
3734,RUS,105700
3735,RUS,105200
3736,RUS,104900
3737,RUS,104400
3738,RUS,103500
3739,RUS,103300
3740,RUS,101900
3741,RUS,101700
3742,RUS,101100
3743,RUS,100400
3744,RUS,100200
3745,RUS,100100
3746,RUS,100000
3747,RUS,98200
3748,RUS,98000
3749,RUS,97900
3750,RUS,97600
3751,RUS,97400
3752,RUS,97300
3753,RUS,97300
3754,RUS,97100
3755,RUS,96900
3756,RUS,96500
3757,RUS,96100
3758,RUS,94100
3759,RUS,94000
3760,RUS,93300
3761,RUS,92900
3762,RUS,92600
3763,RUS,92300
3764,RUS,91600
3765,RUS,91000
3766,RUS,90000
3767,RUS,90000
3768,RUS,89800
3769,VNM,3980000
3770,VNM,1410000
3771,VNM,783133
3772,VNM,382674
3773,VNM,282095
3774,VNM,221331
3775,VNM,219149
3776,VNM,215587
3777,VNM,209086
3778,VNM,171699
3779,VNM,163385
3780,VNM,145145
3781,VNM,141132
3782,VNM,132681
3783,VNM,127643
3784,VNM,127484
3785,VNM,114236
3786,VNM,114041
3787,VNM,112455
3788,VNM,108404
3789,VNM,106409
3790,VNM,97044
3791,EST,403981
3792,EST,101246
3793,USA,8008278
3794,USA,3694820
3795,USA,2896016
3796,USA,1953631
3797,USA,1517550
3798,USA,1321045
3799,USA,1223400
3800,USA,1188580
3801,USA,1144646
3802,USA,951270
3803,USA,894943
3804,USA,791926
3805,USA,776733
3806,USA,735167
3807,USA,711470
3808,USA,656562
3809,USA,651154
3810,USA,650100
3811,USA,596974
3812,USA,589141
3813,USA,572059
3814,USA,569891
3815,USA,563662
3816,USA,563374
3817,USA,554636
3818,USA,540828
3819,USA,534694
3820,USA,529121
3821,USA,506132
3822,USA,486699
3823,USA,484674
3824,USA,478434
3825,USA,478403
3826,USA,461522
3827,USA,448607
3828,USA,441545
3829,USA,427652
3830,USA,425257
3831,USA,416474
3832,USA,407018
3833,USA,399484
3834,USA,396375
3835,USA,393049
3836,USA,390007
3837,USA,382618
3838,USA,371657
3839,USA,362470
3840,USA,360890
3841,USA,348189
3842,USA,344284
3843,USA,337977
3844,USA,334563
3845,USA,332969
3846,USA,331285
3847,USA,328014
3848,USA,313619
3849,USA,303447
3850,USA,292648
3851,USA,287151
3852,USA,277454
3853,USA,276393
3854,USA,276093
3855,USA,273546
3856,USA,260512
3857,USA,260283
3858,USA,256231
3859,USA,255166
3860,USA,248232
3861,USA,247057
3862,USA,243771
3863,USA,242820
3864,USA,240055
3865,USA,234403
3866,USA,227818
3867,USA,226419
3868,USA,225581
3869,USA,223891
3870,USA,222030
3871,USA,219773
3872,USA,218812
3873,USA,217074
3874,USA,215768
3875,USA,208054
3876,USA,205727
3877,USA,203413
3878,USA,202705
3879,USA,201568
3880,USA,200145
3881,USA,199775
3882,USA,199564
3883,USA,199184
3884,USA,198915
3885,USA,198682
3886,USA,197800
3887,USA,197790
3888,USA,196086
3889,USA,195629
3890,USA,194973
3891,USA,193556
3892,USA,191615
3893,USA,189594
3894,USA,188856
3895,USA,187035
3896,USA,186291
3897,USA,185951
3898,USA,185787
3899,USA,185776
3900,USA,185401
3901,USA,184256
3902,USA,183133
3903,USA,181743
3904,USA,180480
3905,USA,180150
3906,USA,176581
3907,USA,176576
3908,USA,175381
3909,USA,174838
3910,USA,173890
3911,USA,173627
3912,USA,173618
3913,USA,173556
3914,USA,172648
3915,USA,170358
3916,USA,166179
3917,USA,165196
3918,USA,161029
3919,USA,158625
3920,USA,158216
3921,USA,158007
3922,USA,155554
3923,USA,152397
3924,USA,152082
3925,USA,151580
3926,USA,151088
3927,USA,151060
3928,USA,150624
3929,USA,150115
3930,USA,149473
3931,USA,149428
3932,USA,149222
3933,USA,149080
3934,USA,147595
3935,USA,147306
3936,USA,146866
3937,USA,146437
3938,USA,144126
3939,USA,143560
3940,USA,143072
3941,USA,142990
3942,USA,142381
3943,USA,141674
3944,USA,140030
3945,USA,139722
3946,USA,139529
3947,USA,139357
3948,USA,138247
3949,USA,137946
3950,USA,137893
3951,USA,137427
3952,USA,136924
3953,USA,133936
3954,USA,133559
3955,USA,131760
3956,USA,131510
3957,USA,128929
3958,USA,128821
3959,USA,128358
3960,USA,128283
3961,USA,127743
3962,USA,127427
3963,USA,126379
3964,USA,126003
3965,USA,124966
3966,USA,124943
3967,USA,124682
3968,USA,124523
3969,USA,124471
3970,USA,123975
3971,USA,123626
3972,USA,122377
3973,USA,121780
3974,USA,121582
3975,USA,121578
3976,USA,121015
3977,USA,120758
3978,USA,120568
3979,USA,119128
3980,USA,118718
3981,USA,118652
3982,USA,117549
3983,USA,117083
3984,USA,117005
3985,USA,116760
3986,USA,116670
3987,USA,116278
3988,USA,115965
3989,USA,115930
3990,USA,115488
3991,USA,114024
3992,USA,113866
3993,USA,113726
3994,USA,113336
3995,USA,113288
3996,USA,112936
3997,USA,112580
3998,USA,111454
3999,USA,111351
4000,USA,110257
4001,USA,109697
4002,USA,109576
4003,USA,109569
4004,USA,108896
4005,USA,108787
4006,USA,108724
4007,USA,108364
4008,USA,107789
4009,USA,107323
4010,USA,107271
4011,USA,107006
4012,USA,106632
4013,USA,106414
4014,USA,106221
4015,USA,105167
4016,USA,105166
4017,USA,105080
4018,USA,104197
4019,USA,103717
4020,USA,103621
4021,USA,103455
4022,USA,103298
4023,USA,102746
4024,USA,102743
4025,USA,102361
4026,USA,102313
4027,USA,102286
4028,USA,102153
4029,USA,102121
4030,USA,101853
4031,USA,101489
4032,USA,101355
4033,USA,100940
4034,USA,100916
4035,USA,100565
4036,USA,100545
4037,USA,100316
4038,USA,99936
4039,USA,98293
4040,USA,98256
4041,USA,98049
4042,USA,97855
4043,USA,95362
4044,USA,94780
4045,USA,94578
4046,USA,94193
4047,USA,94100
4048,USA,93994
4049,USA,93653
4050,USA,93357
4051,USA,92988
4052,USA,92864
4053,USA,92291
4054,USA,92256
4055,USA,92040
4056,USA,91799
4057,USA,91762
4058,USA,91238
4059,USA,91213
4060,USA,91084
4061,USA,90555
4062,USA,89447
4063,USA,89408
4064,USA,89293
4065,USA,89089
4066,USA,89063
4067,VIR,13000
4068,ZWE,1410000
4069,ZWE,621742
4070,ZWE,274912
4071,ZWE,164362
4072,ZWE,131367
4073,ZWE,128037
4074,PSE,353632
4075,PSE,123175
4076,PSE,119401
4077,PSE,113901
4078,PSE,100231
4079,PSE,92020
